PacketCounter,SampleTimeFine,Quat_W,Quat_X,Quat_Y,Quat_Z,FreeAcc_X,FreeAcc_Y,FreeAcc_Z,Status
1, 1289478349, 0.7609283, 0.59616387, 0.18642561, 0.17556277, 0.26413935, -0.24373417, 5.5503845E-4, 0
2, 1289495016, 0.7609087, 0.596252, 0.1863979, 0.17537725, 0.25164786, -0.2389282, 0.018047333, 0
3, 1289511683, 0.76090276, 0.5963058, 0.18640746, 0.17521043, 0.25615165, -0.22130823, -0.0028333664, 0
4, 1289528350, 0.76090765, 0.5963363, 0.18644324, 0.17504725, 0.30069163, -0.20774993, 0.0098724365, 0
5, 1289545017, 0.76087505, 0.5963954, 0.18653117, 0.17489423, 0.30104715, -0.23530371, 0.016835213, 0
6, 1289561684, 0.7608605, 0.59646004, 0.1865492, 0.1747176, 0.26434866, -0.27983555, 0.033388138, 0
7, 1289578351, 0.7608452, 0.5965281, 0.18651998, 0.17458251, 0.26584643, -0.28288782, 0.05838585, 0
8, 1289595018, 0.76090443, 0.5965224, 0.18639156, 0.17448153, 0.28608328, -0.2730327, 0.019569397, 0
9, 1289611685, 0.7609138, 0.596582, 0.1863097, 0.17432399, 0.30681333, -0.21830153, 0.013102531, 0
10, 1289628352, 0.7608625, 0.5966852, 0.18631966, 0.17418414, 0.33129337, -0.21379551, -0.011383057, 0
11, 1289645019, 0.7607982, 0.5967952, 0.18635592, 0.17404942, 0.28339642, -0.26864603, 0.006341934, 0
12, 1289661686, 0.76082176, 0.59679025, 0.18634579, 0.17397447, 0.30010593, -0.27861515, -1.1444092E-4, 0
13, 1289678353, 0.7608072, 0.59682536, 0.18635243, 0.17391028, 0.318358, -0.3407634, -0.03025055, 0
14, 1289695020, 0.7606634, 0.59703916, 0.18635093, 0.1738077, 0.2954953, -0.3362672, -0.030456543, 0
15, 1289711687, 0.7605021, 0.5972704, 0.18635078, 0.17371824, 0.28216967, -0.2607225, 0.025203705, 0
16, 1289728354, 0.7603141, 0.59754235, 0.18633948, 0.17361844, 0.2741506, -0.21051568, 0.03229332, 0
17, 1289745021, 0.76022005, 0.59769523, 0.18633524, 0.17350893, 0.29529616, -0.17828064, 0.04634571, 0
18, 1289761688, 0.7602031, 0.59773034, 0.18635052, 0.17344485, 0.2750185, -0.15864815, 0.052598953, 0
19, 1289778355, 0.76031595, 0.5975844, 0.18634857, 0.17345545, 0.25447464, -0.17496282, 0.06142044, 0
20, 1289795022, 0.7605657, 0.59726256, 0.18629608, 0.17352575, 0.24517438, -0.18795204, 0.0610466, 0
21, 1289811689, 0.7608656, 0.5968705, 0.18620327, 0.17365928, 0.29123938, -0.2253936, 0.010929108, 0
22, 1289828356, 0.7609938, 0.5966884, 0.18620124, 0.17372598, 0.30547616, -0.2604315, -0.06483269, 0
23, 1289845023, 0.76097953, 0.59669846, 0.18626252, 0.17368759, 0.299289, -0.25904793, -0.046535492, 0
24, 1289861690, 0.76093054, 0.596767, 0.18632467, 0.17360027, 0.30971485, -0.2877832, -0.009515762, 0
25, 1289878357, 0.76094, 0.5967642, 0.18634875, 0.17354259, 0.32966083, -0.26861832, -0.031085968, 0
26, 1289895024, 0.76088303, 0.5968487, 0.1863993, 0.17344777, 0.30422437, -0.21606193, 0.004835129, 0
27, 1289911691, 0.7608705, 0.5968675, 0.18645686, 0.17337562, 0.31359917, -0.20128816, 0.012465477, 0
28, 1289928358, 0.76085156, 0.5968999, 0.18651305, 0.17328669, 0.28244504, -0.22848612, 0.033345222, 0
29, 1289945025, 0.760937, 0.5968044, 0.18650576, 0.17324907, 0.28584468, -0.21413167, 0.019551277, 0
30, 1289961692, 0.76096964, 0.59677935, 0.18652378, 0.17317243, 0.3111326, -0.24442439, 0.003293991, 0
31, 1289978359, 0.76094455, 0.59681404, 0.18658504, 0.17309693, 0.30696955, -0.26469925, 0.0039310455, 0
32, 1289995026, 0.76088727, 0.5969001, 0.18662035, 0.17301399, 0.302041, -0.25313735, 0.019322395, 0
33, 1290011693, 0.76085126, 0.5969694, 0.18662292, 0.17293024, 0.3242251, -0.25977078, 0.0020923615, 0
34, 1290028360, 0.76081765, 0.5970264, 0.18664037, 0.17286214, 0.32261178, -0.2522147, -0.0131959915, 0
35, 1290045027, 0.7607719, 0.5970836, 0.1867048, 0.17279637, 0.33135763, -0.20450452, 0.020331383, 0
36, 1290061694, 0.760786, 0.5970641, 0.18673553, 0.17276847, 0.296447, -0.22655898, 0.022336006, 0
37, 1290078361, 0.7607688, 0.5970902, 0.18675452, 0.17273384, 0.3069814, -0.24820577, -0.014487267, 0
38, 1290095028, 0.7606869, 0.5971875, 0.1868053, 0.1727031, 0.33000904, -0.21602125, 0.018094063, 0
39, 1290111695, 0.76061964, 0.59728104, 0.18684411, 0.17263386, 0.3099576, -0.2188393, 0.016628265, 0
40, 1290128362, 0.760536, 0.59738946, 0.18686153, 0.17260844, 0.28391275, -0.22360146, -0.0034275055, 0
41, 1290145029, 0.760472, 0.5974745, 0.18687233, 0.17258434, 0.35625517, -0.23685087, 0.015277863, 0
42, 1290161696, 0.76042837, 0.5975212, 0.1869018, 0.17258357, 0.30459875, -0.25442526, 0.014977455, 0
43, 1290178363, 0.7604091, 0.5975281, 0.18688306, 0.17266399, 0.30573756, -0.24841855, 0.014641762, 0
44, 1290195030, 0.76034194, 0.5975689, 0.18695031, 0.1727457, 0.3608934, -0.25823927, -0.039211273, 0
45, 1290211697, 0.75990176, 0.598076, 0.1871973, 0.1726606, 0.40893987, -0.12094957, 0.023540497, 0
46, 1290228364, 0.7590399, 0.5990922, 0.18748456, 0.17261738, 0.36474374, -0.15993068, 0.04223156, 0
47, 1290245031, 0.75795543, 0.60039955, 0.18778652, 0.17251147, 0.3879195, -0.23418257, 0.07265091, 0
48, 1290261698, 0.75697774, 0.60158503, 0.18790984, 0.1725406, 0.29375827, -0.27581275, 0.014001846, 0
49, 1290278365, 0.75630766, 0.60235375, 0.18791842, 0.17278787, 0.21904807, -0.18309914, -0.06286621, 0
50, 1290295032, 0.7557557, 0.60283905, 0.1881223, 0.17328718, 0.43188715, 0.06484066, 0.10358906, 0
51, 1290311699, 0.7554322, 0.60287327, 0.18862687, 0.1740291, 0.68432593, 0.0692014, 0.022921562, 0
52, 1290328366, 0.7546294, 0.6034298, 0.18960464, 0.17451978, 0.7491419, -0.09802965, -0.06495285, 0
53, 1290345033, 0.753902, 0.6039808, 0.1903523, 0.17494324, 0.4786255, -0.6652443, -0.01053524, 0
54, 1290361700, 0.75312436, 0.604715, 0.19059981, 0.17548645, 0.2802268, -0.5460587, 0.45411777, 0
55, 1290378367, 0.75279486, 0.60486823, 0.19050904, 0.17646702, 0.25132814, -0.042184494, 1.3702974, 0
56, 1290395034, 0.7540016, 0.60305357, 0.18991204, 0.17816119, 0.18786387, -0.014670944, 1.2794876, 0
57, 1290411701, 0.75473434, 0.6018394, 0.18913542, 0.17998134, 0.034296945, -0.19612233, 0.5376549, 0
58, 1290428368, 0.7542553, 0.60221636, 0.18812315, 0.18178096, 0.02237957, -0.083823614, 1.0116816, 0
59, 1290445035, 0.75402296, 0.60231966, 0.18630123, 0.18426186, 0.2800138, -0.117607154, 2.1061316, 0
60, 1290461702, 0.75537735, 0.6004493, 0.18322775, 0.1878656, 0.29784566, -0.2888315, 2.3764496, 0
61, 1290478369, 0.7573791, 0.5977612, 0.1792479, 0.19216862, 0.27445894, -0.3312672, 2.0859184, 0
62, 1290495036, 0.759112, 0.59538364, 0.17452155, 0.19700196, 0.25120085, -0.25020978, 1.512332, 0
63, 1290511703, 0.7602093, 0.59376484, 0.1694676, 0.20200455, 0.2547177, -0.0662698, 1.1638193, 0
64, 1290528370, 0.76044565, 0.5931656, 0.16428047, 0.20709682, 0.15338019, 0.03733158, 1.0927372, 0
65, 1290545037, 0.7601597, 0.59310323, 0.15866461, 0.21263023, 0.16599704, 0.20490102, 1.3771582, 0
66, 1290561704, 0.76000684, 0.5926487, 0.15275681, 0.21868382, 0.037498433, 0.10173013, 1.4896355, 0
67, 1290578371, 0.76021194, 0.5915605, 0.14575486, 0.22558784, 0.08994519, -0.1293626, 1.3740168, 0
68, 1290595038, 0.76093954, 0.58974606, 0.13830887, 0.23246817, 0.12453516, -0.12294599, 1.3105993, 0
69, 1290611705, 0.7621349, 0.58713514, 0.1301016, 0.23978396, -0.008994943, -0.06920632, 0.8536072, 0
70, 1290628372, 0.7628919, 0.58495283, 0.12137482, 0.24717249, -0.04530775, -8.435379E-4, 0.36210442, 0
71, 1290645039, 0.7625322, 0.5839912, 0.112528056, 0.2546303, -0.17377372, 0.0058918013, 0.46851635, 0
72, 1290661706, 0.7615034, 0.5835816, 0.10346606, 0.26237383, -0.23347001, 0.055662327, 0.5184345, 0
73, 1290678373, 0.75969845, 0.5837737, 0.094257094, 0.27052248, -0.40259165, -0.20046161, 0.41115475, 0
74, 1290695040, 0.7575489, 0.58407813, 0.08454869, 0.27896965, -0.49814075, -0.22391662, 0.2990713, 0
75, 1290711707, 0.75523156, 0.5842292, 0.07440587, 0.28768992, -0.5526622, -0.10804258, 0.3914814, 0
76, 1290728374, 0.7532396, 0.58362734, 0.06370091, 0.29656675, -0.62391114, -0.24737208, 0.50394535, 0
77, 1290745041, 0.751335, 0.58251506, 0.052523185, 0.30563608, -0.57370776, -0.23190631, 0.30623627, 0
78, 1290761708, 0.74876887, 0.58180165, 0.041218754, 0.3148857, -0.59702253, -0.21352774, 0.026582718, 0
79, 1290778375, 0.74535394, 0.58165747, 0.029826662, 0.32439572, -0.7138245, -0.34506914, 0.08767605, 0
80, 1290795042, 0.7416055, 0.5813882, 0.018138519, 0.33418614, -0.81583256, -0.32562664, 0.20565605, 0
81, 1290811709, 0.7375127, 0.5809667, 0.006318496, 0.34425703, -0.8893128, -0.20837487, 0.37530613, 0
82, 1290828376, 0.73375595, 0.5794564, -0.0058867508, 0.35468015, -0.6468608, -0.35443255, 0.22579479, 0
83, 1290845043, 0.72994256, 0.5775323, -0.018215738, 0.3651147, -0.29367104, -0.3970368, -0.19467926, 0
84, 1290861710, 0.72560894, 0.57592565, -0.029995149, 0.37536865, -0.33536807, -0.40723747, -0.11743069, 0
85, 1290878377, 0.72122526, 0.57396924, -0.041770592, 0.38554975, -0.6203496, -0.56924725, -0.026771545, 0
86, 1290895044, 0.71674657, 0.5717028, -0.053785045, 0.3956484, -0.799454, -0.7797951, -0.118582726, 0
87, 1290911711, 0.71221304, 0.5690028, -0.06620066, 0.40571645, -0.89227736, -0.6700999, -0.09282017, 0
88, 1290928378, 0.7078073, 0.565664, -0.07894346, 0.41569352, -0.8407545, -0.59269065, -0.26046562, 0
89, 1290945045, 0.70291644, 0.5623428, -0.091594845, 0.42578116, -0.5598242, -0.5699625, -0.52907944, 0
90, 1290961712, 0.69741905, 0.5592671, -0.10392465, 0.43592063, -0.07213311, -0.25079426, -0.71645164, 0
91, 1290978379, 0.6907396, 0.5572888, -0.11506081, 0.44617158, -0.13335314, -0.16942774, -0.64013195, 0
92, 1290995046, 0.6838042, 0.5550205, -0.12585984, 0.45664358, -0.33421522, -0.43785205, -0.38619995, 0
93, 1291011713, 0.67744297, 0.55161035, -0.13731518, 0.46684235, -0.30103877, -0.26197037, -0.53692436, 0
94, 1291028380, 0.6710999, 0.5477837, -0.1486064, 0.4769426, -0.059489537, -0.49854633, -0.3543911, 0
95, 1291045047, 0.6658473, 0.5425123, -0.16026306, 0.4864603, 0.729277, -0.26823545, -0.6545048, 0
96, 1291061714, 0.6606802, 0.5374578, -0.17107533, 0.49535266, 1.5187702, -0.17428245, -1.1375628, 0
97, 1291078381, 0.65462, 0.53389776, -0.18029027, 0.5039059, 1.3049597, -0.022741325, -1.2201662, 0
98, 1291095048, 0.64825034, 0.5310905, -0.1884152, 0.5120686, 0.4713678, -0.23474114, -0.70644283, 0
99, 1291111715, 0.6433477, 0.5265849, -0.19731791, 0.51949745, 0.82170916, -0.10773637, -0.8599453, 0
100, 1291128382, 0.63716453, 0.5238436, -0.20408127, 0.52721924, 0.6111559, -0.16341077, -0.9668169, 0
101, 1291145049, 0.63135964, 0.52055526, -0.21099395, 0.5346858, 0.412025, -0.2972331, -0.54782104, 0
102, 1291161716, 0.62609535, 0.5164941, -0.2181737, 0.54188466, 0.8284255, -0.18978642, -0.5375738, 0
103, 1291178383, 0.6201352, 0.51366806, -0.2239412, 0.5490245, 0.17047445, 0.018392658, -0.80916405, 0
104, 1291195050, 0.61436987, 0.5103153, -0.23010173, 0.5560407, -0.1450171, -0.6454279, -0.28858948, 0
105, 1291211717, 0.60993004, 0.5052645, -0.23759334, 0.5623545, 0.84689844, -0.24404664, -0.5211096, 0
106, 1291228384, 0.60468507, 0.50180686, -0.2432101, 0.5686781, 0.5968641, -0.18313043, -0.7368612, 0
107, 1291245051, 0.59958667, 0.4982796, -0.24873209, 0.57475704, -0.21173069, -0.45713383, -0.70195293, 0
108, 1291261718, 0.5935752, 0.4954495, -0.2532204, 0.5814446, -1.2100106, -0.46484616, -0.66210556, 0
109, 1291278385, 0.5882525, 0.49103647, -0.2593265, 0.5878709, -0.541007, -0.5430417, -0.30311203, 0
110, 1291295052, 0.5815946, 0.4874214, -0.26433095, 0.5952289, -0.22162382, -0.37032655, -0.51105785, 0
111, 1291311719, 0.5754563, 0.48289856, -0.27017438, 0.6022167, -0.36127672, -0.48236308, -0.2203579, 0
112, 1291328386, 0.57047606, 0.47699726, -0.27727216, 0.6084003, 0.052297004, -0.3212822, -0.43830585, 0
113, 1291345053, 0.5650701, 0.4715828, -0.28359914, 0.61471695, 0.017038615, -0.424279, -0.71566296, 0
114, 1291361720, 0.5587097, 0.46697903, -0.28882244, 0.6215753, -0.7137266, -0.30040276, -0.72522545, 0
115, 1291378387, 0.55226034, 0.4619245, -0.2944204, 0.6284513, -0.39513537, -0.65657645, -0.3303671, 0
116, 1291395054, 0.5452549, 0.457026, -0.29940027, 0.6357548, -0.10138413, -0.3943164, -0.34535503, 0
117, 1291411721, 0.5386463, 0.45160174, -0.30490845, 0.6426096, 0.10369895, -0.31184685, -0.24964428, 0
118, 1291428388, 0.53223443, 0.44566742, -0.31103566, 0.6491255, 0.21430445, -0.40962034, -0.27491665, 0
119, 1291445055, 0.52658325, 0.43891853, -0.3181057, 0.6548814, 0.70296603, -0.26398087, -0.2941904, 0
120, 1291461722, 0.520826, 0.4324846, -0.32474327, 0.660484, 1.6647329, -0.08695906, -0.09575939, 0
121, 1291478389, 0.5149648, 0.42694238, -0.33020344, 0.6659559, 2.6635454, 0.07963018, 0.119916916, 0
122, 1291495056, 0.5095515, 0.42245567, -0.33451036, 0.670814, 3.2722518, -0.0019726136, 0.14272308, 0
123, 1291511723, 0.50532204, 0.41855305, -0.33863497, 0.67438066, 3.5370762, -0.03687807, 0.3752737, 0
124, 1291528390, 0.5031368, 0.41464564, -0.34298465, 0.67622787, 3.83872, 0.43107748, 0.4808855, 0
125, 1291545057, 0.502707, 0.41157773, -0.34696686, 0.67639023, 4.020402, 0.4192695, 0.47401237, 0
126, 1291561724, 0.5039251, 0.40957, -0.35012063, 0.67507607, 4.270075, 0.52173656, 0.50525093, 0
127, 1291578391, 0.50598025, 0.4095085, -0.35100996, 0.67311126, 4.245538, 0.62106717, 0.3925209, 0
128, 1291595058, 0.50829244, 0.41128188, -0.34967667, 0.67097867, 3.604197, 0.500727, 0.18483448, 0
129, 1291611725, 0.5112655, 0.41405588, -0.3471992, 0.66829497, 2.6643512, 0.31954363, 0.017539024, 0
130, 1291628392, 0.515051, 0.41721487, -0.3442005, 0.66496646, 1.7114171, 0.16519575, -0.1165514, 0
131, 1291645059, 0.5198866, 0.4200988, -0.34157673, 0.6607273, 1.3446761, 0.110231005, -0.057297707, 0
132, 1291661726, 0.5252324, 0.42301294, -0.33860826, 0.6561521, 1.4311845, 0.41394174, -0.16687107, 0
133, 1291678393, 0.5303227, 0.42656603, -0.33478668, 0.6517034, 1.3482955, 0.39901266, -0.25348663, 0
134, 1291695060, 0.53561467, 0.43011114, -0.33077973, 0.6470752, 1.3861915, 0.3482115, -0.1579752, 0
135, 1291711727, 0.5410401, 0.43407595, -0.32592297, 0.6423613, 1.4135265, 0.22757664, -0.31433678, 0
136, 1291728394, 0.54677397, 0.43838438, -0.32068053, 0.63719815, 1.4198995, 0.124056175, -0.36012173, 0
137, 1291745061, 0.55275273, 0.4430722, -0.31494787, 0.6316323, 1.3841151, 0.16986269, -0.505682, 0
138, 1291761728, 0.5585016, 0.44846883, -0.30832043, 0.6260114, 1.042836, -0.12001997, -0.4784069, 0
139, 1291778395, 0.5648381, 0.45345387, -0.3019058, 0.6198311, 0.99456245, -0.22663297, -0.2725811, 0
140, 1291795062, 0.5717106, 0.4580952, -0.2955611, 0.61313903, 1.2267857, -0.23246041, -0.25954628, 0
141, 1291811729, 0.5788399, 0.46281093, -0.28898, 0.60600424, 1.1930286, -0.22553039, -0.46666527, 0
142, 1291828396, 0.58574474, 0.46816584, -0.28163084, 0.5986719, 0.76725256, -0.34394756, -0.5890074, 0
143, 1291845063, 0.5924701, 0.47382426, -0.27387196, 0.5911549, 0.3038712, -0.665753, -0.44387913, 0
144, 1291861730, 0.59925854, 0.47919568, -0.26618245, 0.58344483, 0.2069891, -0.58254004, -0.45440483, 0
145, 1291878397, 0.60596526, 0.48442808, -0.25869542, 0.5755105, 0.29156572, -0.6034964, -0.42158985, 0
146, 1291895064, 0.61200374, 0.49019206, -0.2506045, 0.56776816, 0.10841507, -0.46526054, -0.4414177, 0
147, 1291911731, 0.6180494, 0.49563435, -0.2428007, 0.5598297, 0.0360513, -0.41109508, -0.45197678, 0
148, 1291928398, 0.6241539, 0.5008879, -0.23517986, 0.5515742, -0.071362324, -0.4126246, -0.44143105, 0
149, 1291945065, 0.6305555, 0.505632, -0.22785659, 0.5429712, 0.031359203, -0.3870634, -0.42811775, 0
150, 1291961732, 0.63654745, 0.51075184, -0.21990782, 0.5343975, 0.022369735, -0.37793896, -0.5200987, 0
151, 1291978399, 0.6422563, 0.5159026, -0.21180083, 0.525825, 0.2824161, -0.36043432, -0.45983887, 0
152, 1291995066, 0.64731026, 0.5215534, -0.20311244, 0.5174137, 0.43517146, -0.07509991, -0.5846071, 0
153, 1292011733, 0.6515261, 0.52804416, -0.19365752, 0.50909716, 0.06581943, -0.19787244, -0.48130894, 0
154, 1292028400, 0.65536857, 0.5345947, -0.1840028, 0.5008429, -0.23658198, -0.40466842, -0.31179714, 0
155, 1292045067, 0.6594351, 0.540435, -0.17479932, 0.49246386, -0.19600655, -0.30239022, -0.38633347, 0
156, 1292061734, 0.66358906, 0.54579324, -0.16596505, 0.4839577, 0.09484102, -0.2801402, -0.36128044, 0
157, 1292078401, 0.6675339, 0.55111927, -0.15683599, 0.4754668, 0.07884442, 0.020870522, -0.44296932, 0
158, 1292095068, 0.67127615, 0.5565172, -0.14726655, 0.46689367, 0.044270877, -0.21832588, -0.37366104, 0
159, 1292111735, 0.6749562, 0.5618197, -0.13751139, 0.45813042, -0.005134875, -0.2952698, -0.46698093, 0
160, 1292128402, 0.67861074, 0.56695753, -0.12777376, 0.44913313, -0.15160112, -0.48728105, -0.35942078, 0
161, 1292145069, 0.6828042, 0.5710844, -0.11878868, 0.43992105, -0.04594482, -0.24866554, -0.49011898, 0
162, 1292161736, 0.6869137, 0.57511395, -0.10963705, 0.43055, -0.0035615673, -0.080046475, -0.59197426, 0
163, 1292178403, 0.6911622, 0.57873803, -0.10058147, 0.42099962, 0.19935596, 0.028495891, -0.74198914, 0
164, 1292195070, 0.694388, 0.5834158, -0.09050306, 0.41141307, -0.014675413, -0.20046452, -0.59837055, 0
165, 1292211737, 0.69814664, 0.5872275, -0.08085242, 0.40151978, 0.29261422, -0.42038473, -0.48993015, 0
166, 1292228404, 0.70143086, 0.59137756, -0.070526235, 0.39152732, 0.29290894, -0.21786255, -0.853158, 0
167, 1292245071, 0.7037164, 0.59658724, -0.059501067, 0.38121724, -0.32752252, -0.1540514, -0.63691616, 0
168, 1292261738, 0.70573443, 0.60158134, -0.048627093, 0.37104493, -0.43299833, -0.26664513, -0.10432434, 0
169, 1292278405, 0.7086866, 0.6050591, -0.038391434, 0.3608227, 0.0029654023, 0.022037037, -0.66536045, 0
170, 1292295072, 0.7105714, 0.609564, -0.027402448, 0.3503845, -0.34707123, -0.047209065, -0.48100471, 0
171, 1292311739, 0.7127064, 0.6133654, -0.01657611, 0.33993784, -0.7350843, -0.32841563, 0.40314293, 0
172, 1292328406, 0.7162208, 0.61502075, -0.0066186986, 0.32974792, -0.31203544, -0.023852855, -0.0045051575, 0
173, 1292345073, 0.71925867, 0.6168418, 0.0037796716, 0.31962335, -0.055297654, -0.08709272, -0.64886, 0
174, 1292361740, 0.7214128, 0.6193806, 0.01453107, 0.30938697, -0.19777353, -0.18618764, -0.35546398, 0
175, 1292378407, 0.72367173, 0.6214592, 0.025224438, 0.29908493, -0.15130533, -0.17320108, -0.05149746, 0
176, 1292395074, 0.7258166, 0.62331575, 0.036194377, 0.2887176, -0.29209617, 0.0226888, -0.47776985, 0
177, 1292411741, 0.72669435, 0.62629676, 0.047648523, 0.27820435, -0.42956743, -0.108331814, -0.45783424, 0
178, 1292428408, 0.7270495, 0.62942404, 0.059066214, 0.26783544, -0.45826167, -0.12006222, -0.1322174, 0
179, 1292445075, 0.72725415, 0.63229245, 0.07029712, 0.25761634, -0.57468915, -0.21569403, 0.095807076, 0
180, 1292461742, 0.7275318, 0.6347443, 0.08100163, 0.24745905, -0.5041292, -0.3313642, 0.49814415, 0
181, 1292478409, 0.72817016, 0.63646114, 0.09118171, 0.23742668, -0.33969215, -0.32648537, 0.5209627, 0
182, 1292495076, 0.7276315, 0.6391307, 0.10165936, 0.22744204, -0.4046715, -0.20249783, 0.6337557, 0
183, 1292511743, 0.725688, 0.64291054, 0.11221121, 0.21783443, -0.5801044, -0.050576065, 0.8613262, 0
184, 1292528410, 0.7223937, 0.6476979, 0.12241081, 0.20892721, -0.70161194, 0.114593305, 0.9805603, 0
185, 1292545077, 0.71850103, 0.65272236, 0.13184604, 0.20081484, -0.56789523, 0.06751611, 1.4349823, 0
186, 1292561744, 0.71546257, 0.6564416, 0.14031865, 0.19367124, -0.20330168, -0.09585174, 2.0470657, 0
187, 1292578411, 0.71457267, 0.65758026, 0.14769731, 0.18750983, 0.15965798, -0.28582257, 1.9134731, 0
188, 1292595078, 0.71525353, 0.65688777, 0.15442365, 0.18183638, 0.45525432, -0.27374303, 1.2495842, 0
189, 1292611745, 0.71711457, 0.6547999, 0.16091213, 0.17632714, 0.60795414, -0.18780944, 0.38725567, 0
190, 1292628412, 0.71861017, 0.65292275, 0.16778661, 0.17070182, 0.2309052, 0.14763746, -0.075056076, 0
191, 1292645079, 0.719084, 0.65204215, 0.17481926, 0.16491681, -0.12936024, -0.1413563, 0.47374249, 0
192, 1292661746, 0.7197174, 0.6509361, 0.18119402, 0.15955573, 0.007379951, -0.59112203, 0.84852314, 0
193, 1292678413, 0.7207143, 0.6493877, 0.18692626, 0.15467793, 0.014804269, -0.72661066, 0.7381773, 0
194, 1292695080, 0.7214212, 0.64829206, 0.19204518, 0.14962558, 0.24209727, -0.6441523, 1.2497597, 0
195, 1292711747, 0.7223438, 0.6477594, 0.19480672, 0.14379725, 0.111933276, -1.3693888, 5.0400085, 0
196, 1292728414, 0.7224371, 0.6482153, 0.19337647, 0.14320357, 1.2711843, 0.22886564, 12.487032, 0
197, 1292745081, 0.7325693, 0.6361422, 0.18914309, 0.1512957, 1.1143068, 1.269069, 3.198204, 0
198, 1292761748, 0.7356583, 0.6317435, 0.18900572, 0.15486744, -0.08628408, 0.5604888, -5.92789, 0
199, 1292778415, 0.7261553, 0.6423581, 0.19099918, 0.15360309, 0.10084648, -0.2673528, -2.482211, 0
200, 1292795082, 0.7219016, 0.647118, 0.19082719, 0.15388839, 1.0886822, -0.66007936, 4.123107, 0
201, 1292811749, 0.72751087, 0.6406608, 0.18771318, 0.1582578, 0.4427483, -0.606358, 3.4461565, 0
202, 1292828416, 0.7326686, 0.63468486, 0.18386783, 0.16298707, -0.5518596, -0.5356698, 0.3077793, 0
203, 1292845083, 0.7324259, 0.6350595, 0.18014662, 0.16673028, -0.14645228, -0.33725154, 0.8860264, 0
204, 1292861750, 0.73182756, 0.6357476, 0.17584756, 0.17126277, 0.47599977, -0.20254879, 2.1957598, 0
205, 1292878417, 0.73196185, 0.6354418, 0.17073521, 0.17690434, 0.0353431, -0.20319295, 1.4472075, 0
206, 1292895084, 0.73082435, 0.6366397, 0.1649157, 0.18272611, -0.05434796, -0.08415174, 1.2317181, 0
207, 1292911751, 0.7288523, 0.63868684, 0.15839316, 0.18911709, 0.03070051, -0.17590201, 1.9273491, 0
208, 1292928418, 0.7274967, 0.63982606, 0.15113243, 0.1962913, 0.0017423952, -0.20995958, 2.3587885, 0
209, 1292945085, 0.72714204, 0.63960946, 0.1429751, 0.2042608, 0.09518914, -0.20656575, 1.8064156, 0
210, 1292961752, 0.72711414, 0.6388739, 0.1341688, 0.21247174, 0.087980956, -0.25422767, 1.3243303, 0
211, 1292978419, 0.7279031, 0.6369577, 0.1247183, 0.22110511, -0.14109243, -0.17671381, 1.5777054, 0
212, 1292995086, 0.7296352, 0.633531, 0.11453165, 0.2305505, -0.37967005, -0.19774817, 1.5756493, 0
213, 1293011753, 0.73140746, 0.6295961, 0.10372817, 0.24060857, -0.4725929, -0.17037275, 0.91389465, 0
214, 1293028420, 0.7317234, 0.62687886, 0.09267388, 0.2510286, -0.38825235, -0.25483873, 0.735919, 0
215, 1293045087, 0.7311142, 0.6248197, 0.08126526, 0.261665, -0.32094327, -0.35042807, 1.0554476, 0
216, 1293061754, 0.7308485, 0.62188244, 0.069248945, 0.2726307, -0.2604383, -0.40110114, 0.9714184, 0
217, 1293078421, 0.7305526, 0.6185452, 0.05688704, 0.28365242, -0.39174244, -0.18533516, 0.36938286, 0
218, 1293095088, 0.7295772, 0.61557764, 0.044398103, 0.29463592, -0.59327257, -0.27037647, 0.23565483, 0
219, 1293111755, 0.7279435, 0.61282337, 0.0316062, 0.3058544, -0.79030865, -0.32517424, 0.373024, 0
220, 1293128422, 0.72595185, 0.60992515, 0.018362915, 0.31725097, -0.8306701, -0.3148229, 0.25650883, 0
221, 1293145089, 0.72361726, 0.6068833, 0.0047220006, 0.32870743, -0.7102424, -0.32023907, 0.08327198, 0
222, 1293161756, 0.72079504, 0.6038275, -0.009130944, 0.3402408, -0.72896904, -0.22909005, 0.07005596, 0
223, 1293178423, 0.718022, 0.60010725, -0.023410982, 0.35180625, -0.7721611, -0.22542801, 0.0074510574, 0
224, 1293195090, 0.7151349, 0.59582686, -0.038044922, 0.36349016, -0.8124581, -0.28927314, -0.17691612, 0
225, 1293211757, 0.7122012, 0.5908531, -0.053066183, 0.37529513, -0.6456424, -0.25057814, -0.46366787, 0
226, 1293228424, 0.7083566, 0.5863247, -0.06780128, 0.3871142, -0.6221387, -0.18601196, -0.49316597, 0
227, 1293245091, 0.70393485, 0.5818263, -0.08219269, 0.3989967, -0.68806434, -0.40417737, -0.40503883, 0
228, 1293261758, 0.6996942, 0.5765684, -0.09700952, 0.41059262, -0.2477712, -0.33838564, -0.91340065, 0
229, 1293278425, 0.694546, 0.57190794, -0.111214265, 0.4220884, 0.08966295, -0.23721206, -1.0045509, 0
230, 1293295092, 0.68986946, 0.56643474, -0.12547149, 0.43299988, 0.1309506, -0.022667566, -0.9801655, 0
231, 1293311759, 0.68544424, 0.5603748, -0.13950771, 0.44349065, 0.29511562, -0.03015838, -1.2281332, 0
232, 1293328426, 0.6809977, 0.55421007, -0.1531635, 0.45346907, 0.44618806, 0.04578462, -1.46348, 0
233, 1293345093, 0.6759862, 0.5487254, -0.16585344, 0.46307206, 0.3507698, -0.1372213, -1.3049488, 0
234, 1293361760, 0.67036533, 0.54367113, -0.17758496, 0.47275347, 0.24113326, -0.18347754, -1.1689806, 0
235, 1293378427, 0.6650303, 0.5380985, -0.18951145, 0.4819441, 0.8967246, -0.0549596, -1.341259, 0
236, 1293395094, 0.6577888, 0.5349213, -0.19904265, 0.49148276, 0.36115515, -0.18602447, -1.0552254, 0
237, 1293411761, 0.65199584, 0.5298367, -0.20958877, 0.5002471, 0.11224206, -0.14751475, -0.9678364, 0
238, 1293428428, 0.64648825, 0.52416295, -0.22042426, 0.5086449, 0.5923316, -0.28225327, -1.1195316, 0
239, 1293445095, 0.6408811, 0.51884407, -0.23056777, 0.51663387, 0.46503872, 0.0013162678, -1.1251345, 0
240, 1293461762, 0.6357885, 0.5131076, -0.240814, 0.5239299, 0.3070258, -0.2239526, -0.91458225, 0
241, 1293478429, 0.6298054, 0.50827855, -0.24975096, 0.53162265, -0.14695385, -0.30821878, -0.8717203, 0
242, 1293495096, 0.6248493, 0.5020264, -0.25983828, 0.5385324, 0.727998, 0.010657322, -0.8729563, 0
243, 1293511763, 0.6176099, 0.49857578, -0.26698884, 0.5465322, 0.77821153, 0.21375953, -0.9848213, 0
244, 1293528430, 0.60990334, 0.49564394, -0.27325886, 0.5546934, -0.26504424, 0.051720675, -0.8006954, 0
245, 1293545097, 0.6031198, 0.49112514, -0.28088447, 0.5622693, 0.026379893, -0.20039837, -0.546813, 0
246, 1293561764, 0.5958594, 0.4869752, -0.28767765, 0.5701302, 0.005399626, -0.012124907, -0.6234846, 0
247, 1293578431, 0.5885699, 0.482786, -0.29428267, 0.5778415, -0.7418849, -0.055985972, -0.6683521, 0
248, 1293595098, 0.58083165, 0.47821024, -0.30101725, 0.5859507, -1.2971541, -0.44454893, -0.5398855, 0
249, 1293611765, 0.57265383, 0.47290635, -0.30805936, 0.5945811, -1.3999921, -0.21015067, -0.47364712, 0
250, 1293628432, 0.5651767, 0.4657565, -0.3168812, 0.6026878, -0.11323815, -0.23445213, -0.17275429, 0
251, 1293645099, 0.55730534, 0.4584535, -0.3255507, 0.61094046, 1.1093895, 0.16350129, -0.22576523, 0
252, 1293661766, 0.54985297, 0.45123187, -0.33379087, 0.6185753, 2.0102491, 0.1274102, -0.18896198, 0
253, 1293678433, 0.5425065, 0.4446827, -0.34095207, 0.62585616, 2.6948068, 0.2592996, -0.3229618, 0
254, 1293695100, 0.53542954, 0.43925095, -0.34651598, 0.6326932, 3.0756295, 0.11899215, -0.33235645, 0
255, 1293711767, 0.5289134, 0.43502316, -0.35048345, 0.63887954, 3.065072, -0.09682749, -0.21763897, 0
256, 1293728434, 0.5241385, 0.43092272, -0.35416284, 0.64354724, 3.395634, -0.03131394, 0.0569582, 0
257, 1293745101, 0.52075005, 0.42734426, -0.35715985, 0.64701885, 3.6545596, 0.069275044, 0.054634094, 0
258, 1293761768, 0.5184544, 0.42453358, -0.3597881, 0.64925253, 3.6191907, -0.059794746, 0.14501, 0
259, 1293778435, 0.5172985, 0.4225022, -0.36186078, 0.65034693, 3.4984806, 0.09435007, 0.29645443, 0
260, 1293795102, 0.51688856, 0.4217284, -0.36254868, 0.6507918, 3.2302344, 0.10698559, 0.29093933, 0
261, 1293811769, 0.5174104, 0.4218322, -0.36234674, 0.6504221, 3.1376579, 0.22844845, 0.2582245, 0
262, 1293828436, 0.51843196, 0.42316875, -0.36087546, 0.64955795, 2.7296739, 0.20377274, 0.15213203, 0
263, 1293845103, 0.52014637, 0.42512906, -0.3589033, 0.64799833, 2.223688, 0.14637204, 0.14921951, 0
264, 1293861770, 0.5227634, 0.42739534, -0.35660547, 0.64566576, 1.9887128, 0.3021933, -0.009262085, 0
265, 1293878437, 0.52554023, 0.43048003, -0.35328028, 0.6431856, 1.4727316, 0.23398097, -0.21530628, 0
266, 1293895104, 0.5288221, 0.4334772, -0.3501442, 0.64019054, 1.024939, 0.16557772, -0.07278919, 0
267, 1293911771, 0.5328279, 0.43606865, -0.34714922, 0.63673085, 1.0946863, 0.25770262, 0.011455536, 0
268, 1293928438, 0.53710973, 0.43869615, -0.3439479, 0.63305515, 1.2462035, 0.13007404, -0.12344074, 0
269, 1293945105, 0.54153866, 0.44160637, -0.34044504, 0.62914, 1.0873437, 0.09020826, -0.1830082, 0
270, 1293961772, 0.5462863, 0.4445761, -0.33673346, 0.62492746, 0.76003265, 0.0024228804, -0.09790039, 0
271, 1293978439, 0.5515477, 0.44723538, -0.33308712, 0.6203457, 0.6995297, 0.03699609, -0.12874317, 0
272, 1293995106, 0.55663913, 0.45017228, -0.3288014, 0.6159446, 0.6274868, 0.025653252, -0.18963337, 0
273, 1294011773, 0.5618729, 0.45299724, -0.32458043, 0.6113427, 0.6850006, -0.17835596, -0.035520554, 0
274, 1294028440, 0.5671412, 0.45585924, -0.32004035, 0.60672694, 0.9050758, -0.045270313, -0.046025276, 0
275, 1294045107, 0.5716305, 0.45976156, -0.314359, 0.60252506, 0.78359014, -0.14330712, -0.16208553, 0
276, 1294061774, 0.57590705, 0.46400934, -0.3084481, 0.5982361, 0.61767024, -0.2924953, -0.037817, 0
277, 1294078441, 0.5800873, 0.4683854, -0.30246988, 0.5938232, 0.5130031, -0.39502898, -0.07448006, 0
278, 1294095108, 0.58444685, 0.47275743, -0.2966893, 0.5889804, 0.28803667, -0.45952117, -0.21785355, 0
279, 1294111775, 0.58858794, 0.47727257, -0.29086766, 0.5840986, -0.18150514, -0.5136922, -0.1736927, 0
280, 1294128442, 0.59360147, 0.48050693, -0.28624806, 0.5786298, 0.11433951, -0.16731979, -0.06441116, 0
281, 1294145109, 0.59831506, 0.48390424, -0.28133756, 0.5733282, 0.4428404, -0.084611274, -0.13778019, 0
282, 1294161776, 0.6032695, 0.4870259, -0.27659494, 0.56777376, 0.6881859, -0.08511172, -0.158185, 0
283, 1294178443, 0.607927, 0.4906134, -0.27121028, 0.56228846, 0.44926283, -0.30709496, -0.2602148, 0
284, 1294195110, 0.6129946, 0.493877, -0.26594928, 0.5564121, 0.23940507, -0.35967883, -0.31242085, 0
285, 1294211777, 0.6180833, 0.49712387, -0.26065797, 0.55036205, 0.36397877, -0.21986857, -0.43905926, 0
286, 1294228444, 0.62280583, 0.50078785, -0.2548386, 0.5444097, 0.21793777, -0.2297199, -0.36366463, 0
287, 1294245111, 0.62764543, 0.50417197, -0.24904008, 0.53837806, 0.15611821, -0.08826839, -0.3279314, 0
288, 1294261778, 0.63218313, 0.5077039, -0.24303353, 0.5324624, -0.015676305, -0.20704229, -0.345973, 0
289, 1294278445, 0.6365021, 0.51120245, -0.23699011, 0.52666205, -0.009514164, -0.25088257, -0.15540409, 0
290, 1294295112, 0.640905, 0.51444376, -0.23099609, 0.5207968, 0.46119362, -0.17054017, -0.19774628, 0
291, 1294311779, 0.64500254, 0.51812196, -0.22439662, 0.51494426, 0.7994124, -0.047167268, -0.36627674, 0
292, 1294328446, 0.64892274, 0.5221222, -0.21732467, 0.5089771, 0.889524, -0.0032199277, -0.48232841, 0
293, 1294345113, 0.65263253, 0.5266381, -0.20970282, 0.50274056, 0.43809488, -0.17105357, -0.6043625, 0
294, 1294361780, 0.6561824, 0.53140306, -0.20177059, 0.4963105, -0.3432294, -0.5530909, -0.3188238, 0
295, 1294378447, 0.660798, 0.53451455, -0.19512, 0.48945734, 0.15850589, -0.32746348, -0.25352573, 0
296, 1294395114, 0.6651003, 0.53802776, -0.18789877, 0.4825577, 0.68823236, -0.028811714, -0.5940666, 0
297, 1294411781, 0.6691647, 0.5419381, -0.1802321, 0.47543484, 0.8356158, -0.029391283, -0.573266, 0
298, 1294428448, 0.6732693, 0.54595643, -0.17203765, 0.46802077, 0.7350174, -0.023771496, -0.58922863, 0
299, 1294445115, 0.67741716, 0.55012596, -0.16337907, 0.46019018, 0.34338227, -0.18383941, -0.7027874, 0
300, 1294461782, 0.6812477, 0.55446833, -0.15438932, 0.4523611, -0.0020195513, -0.19627321, -0.60050964, 0
301, 1294478449, 0.68521315, 0.558245, -0.14563762, 0.44456184, 0.11448266, 0.006032391, -0.60517406, 0
302, 1294495116, 0.688887, 0.56220084, -0.13648681, 0.43673393, 0.15324165, 0.028256508, -0.54818726, 0
303, 1294511783, 0.69250184, 0.5660711, -0.1271084, 0.42877543, -0.038149137, 0.077933155, -0.5081072, 0
304, 1294528450, 0.6961495, 0.56977594, -0.117574796, 0.42060375, -0.17632759, -0.024958797, -0.37760258, 0
305, 1294545117, 0.6994169, 0.5735539, -0.107706696, 0.4126153, -0.3969507, -0.058223784, -0.31767464, 0
306, 1294561784, 0.7030231, 0.57645905, -0.09837626, 0.40469232, -0.10359507, -0.07526083, -0.44255447, 0
307, 1294578451, 0.70591044, 0.57991594, -0.08868837, 0.3968909, 0.085082054, -0.0585823, -0.40393066, 0
308, 1294595118, 0.70927703, 0.58262724, -0.07917518, 0.38884827, 0.29891118, -0.07748568, -0.32187843, 0
309, 1294611785, 0.712744, 0.58517075, -0.06943285, 0.3804609, 0.27463904, -0.10602605, -0.4724264, 0
310, 1294628452, 0.71591175, 0.58801067, -0.059167434, 0.37177026, -0.24974321, -0.24904394, -0.2502737, 0
311, 1294645119, 0.7190195, 0.5905516, -0.049068075, 0.36311448, -0.43459153, -0.251111, -0.20089817, 0
312, 1294661786, 0.7218749, 0.59294504, -0.03916344, 0.35465387, 4.262951E-4, 0.024051782, -0.47742653, 0
313, 1294678453, 0.72402966, 0.5958929, -0.0287291, 0.34621888, 0.10954451, 0.13684045, -0.49237156, 0
314, 1294695120, 0.72602504, 0.59882057, -0.017993959, 0.33760613, -0.07960986, -0.067698054, -0.11945057, 0
315, 1294711787, 0.72857815, 0.60080177, -0.0075159944, 0.3288688, -0.0038209818, -0.23943333, -0.028065681, 0
316, 1294728454, 0.73100036, 0.60261714, 0.003160445, 0.32012677, 0.07196006, -0.013353558, -0.27705956, 0
317, 1294745121, 0.7324211, 0.60526145, 0.014513194, 0.3114603, -0.2899757, 0.20629352, -0.23756504, 0
318, 1294761788, 0.73292345, 0.6085237, 0.02612554, 0.3030509, -0.418792, 0.048365522, 0.03596878, 0
319, 1294778455, 0.7332205, 0.61162555, 0.037533417, 0.2947767, -0.3153324, -0.120086804, 0.24771118, 0
320, 1294795122, 0.7335956, 0.61432695, 0.048547488, 0.28650188, -0.2757802, -0.45519352, 0.7071867, 0
321, 1294811789, 0.7346183, 0.6159822, 0.058869652, 0.27827385, -0.078001104, -0.5077642, 0.8823576, 0
322, 1294828456, 0.7361796, 0.61669517, 0.06888688, 0.27015075, 0.017667973, -0.079317145, 0.4904585, 0
323, 1294845123, 0.73663056, 0.6183182, 0.079198964, 0.26227042, -0.25446007, -0.066475436, 0.3678522, 0
324, 1294861790, 0.7362301, 0.6206385, 0.08930809, 0.25455302, -0.4455395, -0.23287278, 0.66973495, 0
325, 1294878457, 0.73613447, 0.62237144, 0.09853221, 0.2470857, -0.21925364, -0.63289887, 0.8822346, 0
326, 1294895124, 0.7371095, 0.6227929, 0.10676647, 0.23958224, 0.12845686, -0.6072744, 0.50990677, 0
327, 1294911791, 0.73801374, 0.6231769, 0.11485949, 0.23193513, 0.040533014, -0.37643293, 0.34342957, 0
328, 1294928458, 0.7388515, 0.62344444, 0.12269354, 0.22441475, 0.24611208, -0.17678355, -0.06688404, 0
329, 1294945125, 0.73867047, 0.62473565, 0.1309322, 0.21662936, 0.26457012, 0.006779595, -0.7495127, 0
330, 1294961792, 0.7361191, 0.6285786, 0.14007476, 0.20831874, -0.28179464, -0.17853321, 0.10955429, 0
331, 1294978459, 0.7348145, 0.63077617, 0.14825657, 0.20047265, -0.26682374, -0.43311536, 0.31439114, 0
332, 1294995126, 0.7340567, 0.6321963, 0.15609403, 0.19267407, -0.33104682, -0.34213665, -0.14657784, 0
333, 1295011793, 0.73397577, 0.63271695, 0.16359784, 0.18489128, -0.23825811, -0.44518954, -0.2518444, 0
334, 1295028460, 0.73507535, 0.63172406, 0.17090037, 0.17715003, -0.00715912, -0.43592358, -0.6747265, 0
335, 1295045127, 0.73648995, 0.6301578, 0.1787207, 0.16894534, 0.051729057, -0.5199385, -0.8684149, 0
336, 1295061794, 0.73726934, 0.62925303, 0.18709026, 0.15959926, 0.011200905, -0.23531891, -0.12549019, 0
337, 1295078461, 0.7310955, 0.6395509, 0.19135778, 0.14091241, -1.3278109, -0.36794525, 17.455282, 0
338, 1295095128, 0.7271271, 0.6411577, 0.1918871, 0.15291378, 5.3575664, 0.9380249, 18.824322, 0
339, 1295111795, 0.75490975, 0.60787046, 0.18378115, 0.16379674, -2.2058194, 1.1340024, -5.8689356, 0
340, 1295128462, 0.74716765, 0.6172782, 0.18489107, 0.16286026, -0.8789487, -0.45486715, -9.197354, 0
341, 1295145129, 0.73936564, 0.62637675, 0.18743436, 0.16080765, 1.2840091, -0.4149127, -5.053237, 0
342, 1295161796, 0.7319472, 0.6351276, 0.19003807, 0.15732773, 0.3374222, -0.43672016, 0.70006084, 0
343, 1295178463, 0.73649037, 0.63006675, 0.19033414, 0.15611216, 0.5542321, -0.64890146, 1.8816824, 0
344, 1295195130, 0.7403778, 0.62598026, 0.18922257, 0.15551281, -0.20947723, 0.110178925, 1.4610615, 0
345, 1295211797, 0.7394682, 0.6270388, 0.18919447, 0.15561011, 0.11482285, 0.9379636, 2.5349016, 0
346, 1295228464, 0.73852015, 0.62791896, 0.18858868, 0.15729077, 0.45419732, 0.7733749, 0.6579008, 0
347, 1295245131, 0.7349362, 0.6319643, 0.18848455, 0.15799858, 0.6570063, -0.1244757, -0.5607786, 0
348, 1295261798, 0.7308279, 0.6367597, 0.18806475, 0.15830135, 0.5375207, -0.52236724, 1.0938654, 0
349, 1295278465, 0.72958475, 0.63839597, 0.18617977, 0.15966855, 0.15615353, -0.46888012, 2.6703682, 0
350, 1295295132, 0.73016953, 0.6380181, 0.18289578, 0.16228007, -0.32040516, -0.20876423, 2.5032787, 0
351, 1295311799, 0.7301638, 0.6383513, 0.1783547, 0.16600657, -0.41304892, 0.11171133, 1.9022837, 0
352, 1295328466, 0.72815096, 0.64080036, 0.17330891, 0.17069072, -0.24920052, 0.07382856, 1.9441147, 0
353, 1295345133, 0.72540396, 0.64392436, 0.16748172, 0.17635402, -0.060024403, -0.05985498, 2.3063698, 0
354, 1295361800, 0.72356904, 0.6457897, 0.16078073, 0.18317546, 0.053451225, -0.06992916, 2.1851282, 0
355, 1295378467, 0.7223637, 0.6467458, 0.15344569, 0.19069684, -0.13388069, 0.03509511, 2.1047058, 0
356, 1295395134, 0.72158086, 0.6470045, 0.14511646, 0.19911698, -0.050594617, -0.031492528, 2.4694462, 0
357, 1295411801, 0.7212107, 0.64639187, 0.13605087, 0.20862196, -0.07730956, -0.048901953, 2.0805416, 0
358, 1295428468, 0.72024477, 0.6460778, 0.12644142, 0.21873222, -0.08618369, -0.15004067, 1.6680365, 0
359, 1295445135, 0.7189506, 0.64573854, 0.11645903, 0.22927974, -0.079749085, -0.19525734, 1.547162, 0
360, 1295461802, 0.71776307, 0.64479196, 0.10595909, 0.24048346, -0.37301195, -0.25193307, 1.4144506, 0
361, 1295478469, 0.7169261, 0.643035, 0.09461878, 0.2521314, -0.36699402, -0.28442648, 1.2442226, 0
362, 1295495136, 0.7160682, 0.6407537, 0.08297204, 0.26419106, -0.43011314, -0.33630252, 1.4052801, 0
363, 1295511803, 0.71549356, 0.63759, 0.07065859, 0.27668682, -0.6428383, -0.42608902, 1.0418463, 0
364, 1295528470, 0.7145199, 0.6343335, 0.05780389, 0.28938073, -0.4347152, -0.3164036, 0.4394064, 0
365, 1295545137, 0.71271074, 0.63141173, 0.045038704, 0.30221578, -0.41536224, -0.029974429, 0.1724968, 0
366, 1295561804, 0.71021736, 0.6286684, 0.032486748, 0.31513855, -0.797623, -0.20400922, 0.3487358, 0
367, 1295578471, 0.7083736, 0.6245805, 0.019103115, 0.3282397, -0.7354213, -0.39391968, 0.16358566, 0
368, 1295595138, 0.70657706, 0.61986625, 0.0053800517, 0.3413001, -0.44534734, -0.26059508, -0.27304173, 0
369, 1295611805, 0.70424736, 0.6152833, -0.008087185, 0.35411403, -0.61465406, -0.25692502, -0.31602764, 0
370, 1295628472, 0.7019879, 0.61003375, -0.021940442, 0.36686558, -0.4773973, -0.23523398, -0.5745125, 0
371, 1295645139, 0.69895095, 0.60517204, -0.035515893, 0.37943795, -0.3583587, -0.057038717, -0.929842, 0
372, 1295661806, 0.69527835, 0.60064477, -0.048745174, 0.3917118, -0.43909597, -0.046959177, -0.8225632, 0
373, 1295678473, 0.69100577, 0.5962069, -0.06139538, 0.40407816, -0.6387359, -0.07580129, -0.7809448, 0
374, 1295695140, 0.6867807, 0.59122646, -0.07430374, 0.41624832, -0.33013725, 0.0020677184, -1.2303543, 0
375, 1295711807, 0.68140113, 0.5871688, -0.08649411, 0.42830387, -0.13038072, -0.23112848, -1.0397482, 0
376, 1295728474, 0.6764439, 0.5823367, -0.09862422, 0.43997842, -0.223358, -0.12628996, -0.8308239, 0
377, 1295745141, 0.6723252, 0.5762982, -0.111273095, 0.45108497, 0.23435333, -0.108014874, -1.2459002, 0
378, 1295761808, 0.6672257, 0.57125485, -0.12280565, 0.4619488, 0.307164, 0.005312456, -1.499568, 0
379, 1295778475, 0.66159266, 0.566735, -0.13367364, 0.47248074, -0.032057624, 0.1968559, -1.3425598, 0
380, 1295795142, 0.6555266, 0.5622884, -0.14410594, 0.48306343, 0.11104246, -0.22877802, -0.9733629, 0
381, 1295811809, 0.65072966, 0.556458, -0.1552805, 0.4927407, 0.9034036, -0.047026232, -1.3183432, 0
382, 1295828476, 0.645306, 0.5517151, -0.16519687, 0.5018972, 0.98067325, -0.21275617, -1.1961823, 0
383, 1295845143, 0.6405058, 0.546702, -0.17473793, 0.5102315, 0.577818, 0.017410764, -1.2130079, 0
384, 1295861810, 0.63579357, 0.54177254, -0.18404041, 0.51805234, 0.6362392, 0.087021194, -1.3592415, 0
385, 1295878477, 0.6294508, 0.5387485, -0.19126305, 0.52627015, -0.122190066, -0.14640859, -0.96545506, 0
386, 1295895144, 0.62459666, 0.5336508, -0.20017189, 0.53387916, 0.36334848, -0.103759184, -0.7014952, 0
387, 1295911811, 0.6190859, 0.5293168, -0.20809636, 0.5415279, 0.56139046, 0.11843326, -0.9064121, 0
388, 1295928478, 0.61341166, 0.52538264, -0.21525186, 0.54896814, -0.11515186, -0.17459625, -0.63840103, 0
389, 1295945145, 0.60894173, 0.5197651, -0.22383827, 0.55581546, 0.34737122, -0.086301036, -0.71672153, 0
390, 1295961812, 0.60295093, 0.5159333, -0.23048039, 0.56315374, 0.14820227, -0.20520166, -0.7920313, 0
391, 1295978479, 0.5973814, 0.511541, -0.23781209, 0.570006, 0.02191768, -0.25469592, -0.45943737, 0
392, 1295995146, 0.5912947, 0.5075347, -0.24446025, 0.5770777, 0.3049853, -0.21868083, -0.41266155, 0
393, 1296011813, 0.5855514, 0.50332963, -0.25103965, 0.5837536, 0.6301379, 0.24301244, -0.7435465, 0
394, 1296028480, 0.57907885, 0.5001063, -0.2565687, 0.5905372, 0.5550601, -0.07376419, -0.46423244, 0
395, 1296045147, 0.5730166, 0.4963958, -0.26211715, 0.59710807, 0.23923798, -0.24811056, -0.31333923, 0
396, 1296061814, 0.5671461, 0.49251246, -0.2674927, 0.60351, -0.06328076, -0.2120673, -0.4293337, 0
397, 1296078481, 0.5619881, 0.4876704, -0.27393413, 0.6093497, 0.4934177, -0.27559727, -0.22900772, 0
398, 1296095148, 0.5562046, 0.48363933, -0.27906513, 0.6155098, 0.5752106, 0.05633845, -0.3930645, 0
399, 1296111815, 0.5499886, 0.48024535, -0.28336465, 0.62175685, 0.01436786, -0.11320395, -0.4423504, 0
400, 1296128482, 0.5433492, 0.476871, -0.28753644, 0.62824243, -0.38170996, -0.35899287, -0.31573868, 0
401, 1296145149, 0.5369882, 0.4728072, -0.29233778, 0.6345359, -0.542851, -0.26380542, -0.24407959, 0
402, 1296161816, 0.53071624, 0.46813056, -0.29767042, 0.6407704, -0.4769058, -0.4978282, -0.2157116, 0
403, 1296178483, 0.52434355, 0.46302843, -0.30339915, 0.64700663, -0.67321956, -0.31915146, -0.36155987, 0
404, 1296195150, 0.518461, 0.45695418, -0.3103249, 0.65275544, -0.36903912, -0.36958292, -0.19244099, 0
405, 1296211817, 0.5125139, 0.45040843, -0.31753737, 0.65850735, 0.054574937, -0.23798653, -0.16798592, 0
406, 1296228484, 0.5076233, 0.44270757, -0.32611623, 0.66330755, 1.3763977, 0.020347279, 0.124931335, 0
407, 1296245151, 0.5022929, 0.43592358, -0.33353832, 0.66815037, 2.6167977, 0.36133853, 0.12364578, 0
408, 1296261818, 0.4964629, 0.430997, -0.33869818, 0.67308986, 2.9180408, 0.09644618, 0.22137737, 0
409, 1296278485, 0.49127066, 0.42694944, -0.34304535, 0.6772647, 2.9361281, -0.14354494, 0.2979231, 0
410, 1296295152, 0.48791838, 0.4230293, -0.34785363, 0.6796909, 3.3595335, -0.051161893, 0.4682846, 0
411, 1296311819, 0.4858675, 0.42007506, -0.3518069, 0.6809564, 3.4884677, 0.35656384, 0.43481255, 0
412, 1296328486, 0.48482153, 0.41821298, -0.35464007, 0.68137836, 3.388469, 0.63543725, 0.5088911, 0
413, 1296345153, 0.48464444, 0.41747293, -0.35644332, 0.6810173, 3.2066207, 0.68936366, 0.45850658, 0
414, 1296361820, 0.48493886, 0.41832665, -0.35636163, 0.68032616, 2.8872235, 0.5036651, 0.44877052, 0
415, 1296378487, 0.48572212, 0.42020103, -0.35506418, 0.6792898, 2.2224638, 0.32559803, 0.39036083, 0
416, 1296395154, 0.48709542, 0.42243707, -0.353158, 0.67791194, 1.548684, 0.22544634, 0.20414639, 0
417, 1296411821, 0.4890285, 0.4246609, -0.35122508, 0.67613256, 1.0229398, 0.16868423, -0.027781487, 0
418, 1296428488, 0.49155426, 0.4265753, -0.3496374, 0.67391515, 0.75248295, 0.26066616, -0.050356865, 0
419, 1296445155, 0.49445575, 0.42836997, -0.34808686, 0.6714524, 0.81428283, 0.27686998, 0.0032577515, 0
420, 1296461822, 0.49738523, 0.43037984, -0.3461805, 0.6689846, 0.8350511, 0.28394347, -0.039271355, 0
421, 1296478489, 0.50001514, 0.43286407, -0.3436615, 0.6667163, 0.71275675, 0.18993081, -0.0073127747, 0
422, 1296495156, 0.5028924, 0.43531188, -0.34114152, 0.66424793, 0.8128105, 0.33888632, 0.0101213455, 0
423, 1296511823, 0.5056172, 0.43842146, -0.33783925, 0.6618177, 0.84906816, 0.24231173, -0.19937325, 0
424, 1296528490, 0.50850576, 0.4417706, -0.3343222, 0.6591582, 0.9131844, 0.1801928, -0.16636372, 0
425, 1296545157, 0.5115956, 0.44528672, -0.330472, 0.6563368, 1.1162558, 0.30973688, -0.116734505, 0
426, 1296561824, 0.514866, 0.44914576, -0.32610002, 0.65332985, 1.1370877, 0.27721888, -0.15899086, 0
427, 1296578491, 0.51841307, 0.45319352, -0.32139596, 0.6500526, 1.0082031, 0.10935595, -0.19529438, 0
428, 1296595158, 0.5225074, 0.45716006, -0.31670547, 0.6462882, 0.96333545, 5.643702E-4, -0.29964638, 0
429, 1296611825, 0.5269399, 0.46118307, -0.311944, 0.6421338, 0.8641548, -0.03850905, -0.227664, 0
430, 1296628492, 0.5317268, 0.4651622, -0.30717003, 0.6376031, 0.83597994, 0.04438252, -0.17177391, 0
431, 1296645159, 0.53646505, 0.46948212, -0.30178383, 0.63302326, 0.5302627, -0.084489465, -0.33894825, 0
432, 1296661826, 0.541398, 0.47368687, -0.2965289, 0.62815595, 0.4503464, -0.27513418, -0.12942123, 0
433, 1296678493, 0.5464752, 0.477774, -0.29116458, 0.6231536, 0.76729274, 0.076331906, -0.1605072, 0
434, 1296695160, 0.55125153, 0.48244205, -0.2850859, 0.6181405, 0.7670399, 0.018351978, -0.18285275, 0
435, 1296711827, 0.5561935, 0.48706567, -0.27896076, 0.6128595, 0.7726255, -0.09998897, -0.11454868, 0
436, 1296728494, 0.56147724, 0.4916539, -0.2726496, 0.6071919, 0.87465036, -0.1707373, -0.3613367, 0
437, 1296745161, 0.5665282, 0.4968361, -0.26577035, 0.6013036, 0.6257006, -0.20444886, -0.64270496, 0
438, 1296761828, 0.5715114, 0.502176, -0.25874272, 0.5951861, 0.36489508, -0.41258526, -0.4059229, 0
439, 1296778495, 0.57711065, 0.50681335, -0.25212044, 0.5886586, 0.4088898, -0.16873395, -0.35860538, 0
440, 1296795162, 0.5827208, 0.51155144, -0.24515514, 0.58193713, 0.5363948, -0.095073245, -0.4300747, 0
441, 1296811829, 0.58836824, 0.51624215, -0.23810935, 0.5749964, 0.5747896, -0.01086787, -0.46348667, 0
442, 1296828496, 0.59377974, 0.52121276, -0.2306157, 0.5679608, 0.47685584, -0.110378966, -0.35279274, 0
443, 1296845163, 0.59941304, 0.52591246, -0.22306935, 0.5606784, 0.52483624, -0.02308509, -0.4419632, 0
444, 1296861830, 0.604551, 0.53113115, -0.21478894, 0.553429, 0.5560019, -0.029030534, -0.557292, 0
445, 1296878497, 0.6089538, 0.5371656, -0.2054231, 0.54628724, 0.20749691, 0.0015196645, -0.6026459, 0
446, 1296895164, 0.6130129, 0.5433443, -0.19586909, 0.5390989, 0.01790931, -0.14674094, -0.34929657, 0
447, 1296911831, 0.61738247, 0.5489526, -0.1866439, 0.5316521, 0.15985657, 0.0115931695, -0.39656353, 0
448, 1296928498, 0.62200135, 0.5541322, -0.17756133, 0.5239502, 0.22321154, 0.033809017, -0.536706, 0
449, 1296945165, 0.62664336, 0.5591798, -0.16841444, 0.5160162, 0.108084604, -0.06291733, -0.6818142, 0
450, 1296961832, 0.63120973, 0.56426495, -0.15909542, 0.5078072, 0.030114235, -0.13367148, -0.68593407, 0
451, 1296978499, 0.6348766, 0.5700495, -0.14909452, 0.49974635, -0.23462188, -0.15781468, -0.6036329, 0
452, 1296995166, 0.63846064, 0.57553893, -0.13931532, 0.4916446, -0.19304557, -0.019988094, -0.4975357, 0
453, 1297011833, 0.6410647, 0.58170944, -0.12875235, 0.4838111, -0.5881182, -0.08853706, -0.25560188, 0
454, 1297028500, 0.6447324, 0.5863311, -0.11938214, 0.47569314, -0.59529406, -0.0736739, -0.15956974, 0
455, 1297045167, 0.64800054, 0.59107137, -0.109964006, 0.46758753, -0.8853585, -0.37904757, 0.08617592, 0
456, 1297061834, 0.65288746, 0.59358007, -0.10229699, 0.45927763, -0.27896369, -0.44753015, 0.11035538, 0
457, 1297078501, 0.657943, 0.59565747, -0.09474694, 0.45091718, 0.5446538, 0.09648428, -0.5679703, 0
458, 1297095168, 0.66203743, 0.59883505, -0.085872024, 0.44241276, 0.4611968, 0.4862636, -0.9091244, 0
459, 1297111835, 0.6643609, 0.60377, -0.0755094, 0.43403322, -0.21776359, 0.19708657, -0.8050413, 0
460, 1297128502, 0.66602093, 0.60905516, -0.06480211, 0.42575678, -0.6273984, -0.12138497, -0.3182125, 0
461, 1297145169, 0.66776276, 0.61378455, -0.05461494, 0.41758704, -0.5508632, -0.49880135, 0.12380123, 0
462, 1297161836, 0.6707952, 0.6168626, -0.045604415, 0.40918788, -0.18588774, -0.47719792, -0.03524685, 0
463, 1297178503, 0.6746719, 0.61888415, -0.036985226, 0.40054026, -0.07095625, 0.14327851, -0.34860992, 0
464, 1297195170, 0.67842424, 0.6209309, -0.027912766, 0.3916713, -0.32195923, 0.11174128, -0.26375198, 0
465, 1297211837, 0.6819236, 0.62287194, -0.018796902, 0.3829589, -0.36303705, -0.2000213, -0.22709751, 0
466, 1297228504, 0.6847464, 0.62520945, -0.009602483, 0.37435743, -0.26592186, -0.15279211, -0.3479414, 0
467, 1297245171, 0.68712443, 0.6277638, -3.425604E-4, 0.3657493, -0.11315612, -0.3815232, -0.04608822, 0
468, 1297261838, 0.6906117, 0.62891555, 0.008368597, 0.35700253, 0.02559481, -0.11489326, -0.22623539, 0
469, 1297278505, 0.69472384, 0.62929475, 0.017168058, 0.34792602, -0.01467372, 0.08953884, -0.46603107, 0
470, 1297295172, 0.6989383, 0.6293546, 0.026269699, 0.33868566, -0.043760847, -0.07356482, -0.4909668, 0
471, 1297311839, 0.70334995, 0.6289837, 0.035511095, 0.32926828, 0.044479065, -0.026007967, -0.6842203, 0
472, 1297328506, 0.70658547, 0.6295795, 0.045765024, 0.3198006, -0.0762803, -0.14602369, -0.49207592, 0
473, 1297345173, 0.70955753, 0.63016057, 0.056279708, 0.31025577, -0.03941014, -0.096865594, -0.5311365, 0
474, 1297361840, 0.71199167, 0.63100404, 0.06726334, 0.30062887, -0.044342987, 0.09208108, -0.5825968, 0
475, 1297378507, 0.7134555, 0.63252085, 0.079012826, 0.29095677, -0.6850601, 0.1659311, 0.019040108, 0
476, 1297395174, 0.7154291, 0.6329574, 0.090182915, 0.28176793, -1.0047472, -0.0124867745, 0.5215473, 0
477, 1297411841, 0.7177347, 0.63258964, 0.10057469, 0.27307898, -0.75021845, -0.36951026, 0.6081295, 0
478, 1297428508, 0.72068894, 0.6312348, 0.11013449, 0.26461434, -0.21539447, -0.5388388, 0.4911785, 0
479, 1297445175, 0.7239118, 0.62941134, 0.11946646, 0.25597054, 0.0945742, -0.24257101, 0.23621655, 0
480, 1297461842, 0.7264923, 0.62799996, 0.12925719, 0.24721982, 0.14813635, 0.17769593, -0.19057369, 0
481, 1297478509, 0.7275448, 0.62802637, 0.13972345, 0.23819953, -0.25820503, 0.3133987, -0.19855118, 0
482, 1297495176, 0.7270176, 0.6294998, 0.15040512, 0.22924618, -0.5063186, -0.29141977, 0.91182137, 0
483, 1297511843, 0.72791547, 0.62908494, 0.15965872, 0.22113474, -0.28640458, -0.5610774, 1.0415297, 0
484, 1297528510, 0.729135, 0.6281633, 0.16817759, 0.21328299, -0.13726658, -0.60110635, 0.5436659, 0
485, 1297545177, 0.7307052, 0.6268959, 0.17605124, 0.20512849, 0.0939017, -0.77921, 0.55781364, 0
486, 1297561844, 0.7320283, 0.62592393, 0.18407363, 0.19614026, 0.006683484, -0.37015176, 0.9841242, 0
487, 1297578511, 0.7320189, 0.6273928, 0.19073072, 0.18479297, -1.4092177, 0.3795992, 6.484581, 0
488, 1297595178, 0.7147118, 0.6463472, 0.20259114, 0.17429666, 4.2312083, 1.3575327, 22.445747, 0
489, 1297611845, 0.74254125, 0.6128481, 0.19398272, 0.18820363, 1.1316442, -0.7787656, -0.923913, 0
490, 1297628512, 0.7479947, 0.6050397, 0.1950389, 0.19076377, -4.0979824, 1.4267385, -9.200338, 0
491, 1297645179, 0.73400444, 0.6232842, 0.19713208, 0.18410173, 0.30065542, -1.3959862, -2.1382327, 0
492, 1297661846, 0.7353168, 0.62132096, 0.19906512, 0.18341987, 1.1710362, 0.25840378, 0.116643906, 0
493, 1297678513, 0.7361203, 0.6209254, 0.20007575, 0.18041235, -0.063430294, -1.2626323, 1.6644564, 0
494, 1297695180, 0.7409713, 0.61560565, 0.19895886, 0.18001848, 0.2488913, -0.21674275, 2.876872, 0
495, 1297711847, 0.7457944, 0.6095037, 0.19801371, 0.18189758, 0.053400487, 0.6547705, -0.5510559, 0
496, 1297728514, 0.7452295, 0.61006266, 0.19898033, 0.18128353, -0.23323332, 0.06585072, -1.8122578, 0
497, 1297745181, 0.7420223, 0.61404353, 0.19981198, 0.18008028, 0.37576997, -0.31918097, -0.035082817, 0
498, 1297761848, 0.7414856, 0.6146898, 0.19986868, 0.18002295, 0.75884145, -0.18366238, 0.6382055, 0
499, 1297778515, 0.7421288, 0.6138445, 0.1996429, 0.1805067, 0.15900856, -0.1251829, -0.098353386, 0
500, 1297795182, 0.74199307, 0.61401075, 0.19963326, 0.18050961, -0.02121708, -0.007434488, -0.20662308, 0
501, 1297811849, 0.7415814, 0.6145107, 0.19963354, 0.18049993, 0.26862994, 0.19356312, 0.330369, 0
502, 1297828516, 0.7421619, 0.6137439, 0.19951713, 0.1808514, 0.4613845, 0.17347154, 0.14810371, 0
503, 1297845183, 0.7424021, 0.613418, 0.19934417, 0.18116139, 0.34500757, 0.22147764, -0.17373753, 0
504, 1297861850, 0.7421999, 0.6136693, 0.19936994, 0.18111081, 0.42832625, 0.22885714, -0.010584831, 0
505, 1297878517, 0.7419272, 0.6139553, 0.19960998, 0.1809944, 0.4158243, 0.1925573, 0.19418049, 0
506, 1297895184, 0.7417935, 0.6140267, 0.1999968, 0.18087342, 0.32440725, 0.06509726, -0.026495934, 0
507, 1297911851, 0.74128795, 0.61457527, 0.20049869, 0.18052667, 0.24549724, 0.013335677, 0.0858078, 0
508, 1297928518, 0.7413245, 0.6144325, 0.20081827, 0.18050733, 0.22608, 0.08114236, 0.078165054, 0
509, 1297945185, 0.7413464, 0.61426383, 0.20107132, 0.18070933, 0.10722084, 0.09209315, 0.025560379, 0
510, 1297961852, 0.74166393, 0.613684, 0.20118643, 0.18124816, 0.17464744, 0.11981814, 0.05392933, 0
511, 1297978519, 0.74202514, 0.6129283, 0.20137179, 0.18211867, 0.2578631, 0.22522148, 0.25425625, 0
512, 1297995186, 0.7431793, 0.611081, 0.20155393, 0.18341382, 0.26179647, 0.20090239, 0.18528938, 0
513, 1298011853, 0.7451775, 0.6083043, 0.20134415, 0.18476239, 0.35619193, -0.025359333, 0.18348408, 0
514, 1298028520, 0.7484252, 0.6039257, 0.20084935, 0.1865298, 0.4088024, -0.024637386, -0.015082359, 0
515, 1298045187, 0.7516874, 0.5994936, 0.20020624, 0.1883907, 0.30846375, 0.015679434, 0.020412445, 0
516, 1298061854, 0.7555297, 0.59420526, 0.19954827, 0.19046174, 0.30879208, 0.012133624, 0.010532379, 0
517, 1298078521, 0.7599562, 0.5880354, 0.19893026, 0.19263406, 0.24913861, 0.105662175, 0.18006802, 0
518, 1298095188, 0.76594263, 0.57966566, 0.19792897, 0.19530456, 0.16155316, 0.08459429, 0.21336079, 0
519, 1298111855, 0.77187127, 0.57139164, 0.19650206, 0.19777095, 0.14666663, 0.031072771, 0.23955822, 0
520, 1298128522, 0.7775844, 0.56341714, 0.1946745, 0.20006426, 0.46172535, -0.47323772, 0.1663475, 0
521, 1298145189, 0.7818112, 0.5575232, 0.19291212, 0.20180276, 0.7163984, -0.71907294, -0.28433514, 0
522, 1298161856, 0.7850873, 0.5527295, 0.19108133, 0.20400028, 0.23313966, -0.07470518, -0.27526474, 0
523, 1298178523, 0.7873571, 0.5493707, 0.18930507, 0.20597187, -0.015530686, 0.30350333, 0.08041668, 0
524, 1298195190, 0.7901182, 0.5452689, 0.18760645, 0.20784353, -0.016152723, 0.34568065, 0.3513651, 0
525, 1298211857, 0.79387885, 0.5402524, 0.18481769, 0.20910878, 0.6294173, -0.5802204, 0.5616398, 0
526, 1298228524, 0.79765207, 0.53523916, 0.18214764, 0.209982, 0.6978299, -1.0548589, 0.14796734, 0
527, 1298245191, 0.80091953, 0.5311797, 0.17877837, 0.21074751, 0.4269703, -0.5370194, -0.27361012, 0
528, 1298261858, 0.8039788, 0.52742225, 0.1752498, 0.21149836, 0.21931215, 0.54440826, -0.227005, 0
529, 1298278525, 0.8072595, 0.5229181, 0.1720069, 0.212844, 0.1339739, 1.1048276, -0.03179741, 0
530, 1298295192, 0.809679, 0.51945966, 0.16952945, 0.21410601, 0.17325428, 0.61194986, -0.16875744, 0
531, 1298311859, 0.81125396, 0.5172518, 0.16775258, 0.2148875, 0.25999272, -0.1724331, 0.16896248, 0
532, 1298328526, 0.8131912, 0.5144297, 0.16575442, 0.21588817, 0.3664534, -0.4211248, -0.053681374, 0
533, 1298345193, 0.8147461, 0.5123444, 0.16380696, 0.21647008, 0.2795577, -0.48250702, -0.17578602, 0
534, 1298361860, 0.8162844, 0.51033854, 0.16194016, 0.21681708, 0.35131857, -0.21846826, -0.048596382, 0
535, 1298378527, 0.81732947, 0.5090314, 0.16041024, 0.21709016, 0.32159793, -0.06420946, -0.1171875, 0
536, 1298395194, 0.81802696, 0.5081294, 0.15922436, 0.2174494, 0.19162269, 0.10190224, -0.056946754, 0
537, 1298411861, 0.81856614, 0.5074512, 0.15815085, 0.2177869, 0.31735185, 0.04783714, 0.02584362, 0
538, 1298428528, 0.8190807, 0.5066254, 0.15747425, 0.21826485, 0.36452258, 0.074280955, -0.12886238, 0
539, 1298445195, 0.81931794, 0.50618815, 0.15708998, 0.21866587, 0.24084449, 0.11339259, 0.023962975, 0
540, 1298461862, 0.8195992, 0.50564396, 0.15673698, 0.21912357, 0.2332285, 0.2153668, 0.0049476624, 0
541, 1298478529, 0.8197182, 0.5053622, 0.15651585, 0.21948586, 0.20253392, 0.019145673, 0.13535976, 0
542, 1298495196, 0.82022727, 0.5044926, 0.15617475, 0.2198273, 0.25557432, -0.033459444, 0.18381596, 0
543, 1298511863, 0.82072824, 0.50367045, 0.15568754, 0.22018827, 0.25529057, -0.07198369, 0.019601822, 0
544, 1298528530, 0.82104516, 0.5031592, 0.15506518, 0.22061343, 0.20586762, 0.20635432, 0.21430397, 0
545, 1298545197, 0.821798, 0.501921, 0.15452585, 0.22100925, 0.25038067, 0.13361157, -0.06690979, 0
546, 1298561864, 0.8217144, 0.50200266, 0.15411663, 0.22142053, 0.049180895, 0.21443655, 0.26984215, 0
547, 1298578531, 0.8228292, 0.50006497, 0.1537006, 0.22195402, 0.30243134, 0.17536782, 0.05517006, 0
548, 1298595198, 0.82353234, 0.49884033, 0.15320864, 0.2224408, 0.13657033, 0.03693462, 0.2747736, 0
549, 1298611865, 0.8252457, 0.49585056, 0.15264323, 0.22316337, 0.2963593, -0.03101153, 0.012970924, 0
550, 1298628532, 0.82607615, 0.49430037, 0.15211952, 0.22388609, 0.03873904, 0.013835899, -0.09192562, 0
551, 1298645199, 0.82703686, 0.4924605, 0.15196234, 0.2244999, 0.19581154, -0.077139236, -0.030647278, 0
552, 1298661866, 0.8270155, 0.49219853, 0.1518815, 0.22520676, 0.16524883, -0.17763022, -0.07280731, 0
553, 1298678533, 0.8273877, 0.4912914, 0.15202947, 0.22572021, 0.39591834, -0.07056438, 5.1498413E-4, 0
554, 1298695200, 0.8271763, 0.49141338, 0.15223022, 0.2260943, 0.29740566, -0.03795697, -0.0225029, 0
555, 1298711867, 0.8274927, 0.49072286, 0.15257032, 0.2262064, 0.48327133, -0.03265122, 0.16396904, 0
556, 1298728534, 0.82718617, 0.49109936, 0.15291272, 0.22627935, 0.37431055, -0.043930132, 0.09794712, 0
557, 1298745201, 0.82728046, 0.4908965, 0.15312219, 0.22623326, 0.4080848, -0.0635957, 0.12206745, 0
558, 1298761868, 0.8270739, 0.4912205, 0.15317248, 0.22625138, 0.23596162, 0.005174772, 0.10669327, 0
559, 1298778535, 0.8274012, 0.49064496, 0.1531478, 0.22632015, 0.21504416, 0.065890275, 0.17908382, 0
560, 1298795202, 0.82762086, 0.49032465, 0.15293926, 0.22635204, 0.122350655, 0.05250364, 0.038183212, 0
561, 1298811869, 0.82793957, 0.48979664, 0.15287355, 0.22637379, 0.12854007, 0.09219686, 0.12053776, 0
562, 1298828536, 0.8280573, 0.4896585, 0.15269187, 0.22636491, 0.105444916, 0.0626927, -0.011110306, 0
563, 1298845203, 0.828284, 0.48929656, 0.1527003, 0.22631212, 0.2358455, 0.10713334, 0.22758198, 0
564, 1298861870, 0.8286518, 0.4886504, 0.15255758, 0.22645831, 0.28022826, -0.0035315047, 0.034293175, 0
565, 1298878537, 0.8290054, 0.48801777, 0.15251951, 0.22655387, 0.31851, -0.0990757, 0.13954067, 0
566, 1298895204, 0.829128, 0.48777857, 0.15240228, 0.22669926, 0.25766942, -0.09433811, -0.059056282, 0
567, 1298911871, 0.82911783, 0.4877323, 0.15247105, 0.22678976, 0.29379013, -0.06460061, 0.13520813, 0
568, 1298928538, 0.82911915, 0.4876804, 0.15248083, 0.22688992, 0.29837, -0.033998556, -0.008470535, 0
569, 1298945205, 0.8290213, 0.48780885, 0.15265402, 0.22685555, 0.24483374, 0.022871634, 0.09669018, 0
570, 1298961872, 0.8290337, 0.4877835, 0.15270892, 0.22682673, 0.18280253, 0.062740535, 0.08569813, 0
571, 1298978539, 0.82913285, 0.48763034, 0.1527442, 0.22676994, 0.15592365, 0.04778573, 0.14831257, 0
572, 1298995206, 0.8291514, 0.48759037, 0.15273887, 0.22679155, 0.166434, 0.10497063, 0.09244156, 0
573, 1299011873, 0.8293188, 0.48723897, 0.1527023, 0.22695963, 0.23372269, 0.11041182, 0.20538712, 0
574, 1299028540, 0.8295946, 0.4866824, 0.15264256, 0.22718629, 0.23539536, 0.070684634, 0.09704971, 0
575, 1299045207, 0.82991403, 0.48600435, 0.15264249, 0.22747107, 0.26695338, 0.048135303, 0.12605381, 0
576, 1299061874, 0.83022493, 0.48535812, 0.1526478, 0.22771229, 0.23924536, -0.0064309146, 0.016523361, 0
577, 1299078541, 0.83030677, 0.4850983, 0.15272807, 0.2279136, 0.24837352, -0.0630083, 0.08356571, 0
578, 1299095208, 0.83050257, 0.48469254, 0.15274362, 0.22805363, 0.25980923, -0.055601083, 0.012606621, 0
579, 1299111875, 0.8305131, 0.48459223, 0.15283787, 0.2281647, 0.2466974, -0.017780008, 0.09287071, 0
580, 1299128542, 0.8306092, 0.4843623, 0.15286309, 0.22828616, 0.23278695, 0.012721016, 0.0013151169, 0
581, 1299145209, 0.8305104, 0.48445433, 0.15301484, 0.22834858, 0.20579207, 0.03170263, 0.11099529, 0
582, 1299161876, 0.8305512, 0.48431614, 0.15311986, 0.22842312, 0.24007817, -0.02696952, 0.12950039, 0
583, 1299178543, 0.83059925, 0.48414496, 0.15324217, 0.22852941, 0.22872025, 0.008992373, 0.11769009, 0
584, 1299195210, 0.8306763, 0.4839385, 0.15327606, 0.22866373, 0.20508823, 0.053995814, 0.067136765, 0
585, 1299211877, 0.83083314, 0.48362786, 0.15323834, 0.22877684, 0.2275952, 0.021440703, 0.15737247, 0
586, 1299228544, 0.8310872, 0.48313823, 0.15319826, 0.22891465, 0.2540903, 0.034443792, 0.042582512, 0
587, 1299245211, 0.83122236, 0.48285472, 0.15315671, 0.22905006, 0.19566357, 0.009551602, 0.068769455, 0
588, 1299261878, 0.8313729, 0.48257855, 0.15310395, 0.22912112, 0.19379422, 0.0042498754, 0.093242645, 0
589, 1299278545, 0.8315249, 0.48229003, 0.15303954, 0.22921975, 0.18776742, 0.030728562, 0.10236168, 0
590, 1299295212, 0.8317601, 0.48188406, 0.15299639, 0.22924864, 0.18667266, 0.032351267, 0.09628773, 0
591, 1299311879, 0.83194983, 0.4815253, 0.15292823, 0.22935995, 0.20061842, 0.08162961, 0.12716198, 0
592, 1299328546, 0.83215284, 0.48114824, 0.15286487, 0.22945751, 0.21167503, 0.02802495, 0.08991051, 0
593, 1299345213, 0.8323285, 0.48079255, 0.15283346, 0.22958668, 0.24477217, -0.0034622157, 0.09080219, 0
594, 1299361880, 0.8324677, 0.4804782, 0.15283044, 0.22974189, 0.22287862, 0.009420177, 0.072883606, 0
595, 1299378547, 0.8326525, 0.48012742, 0.1527937, 0.22982992, 0.23882851, 0.0064984155, 0.14080048, 0
596, 1299395214, 0.832967, 0.4795825, 0.15268295, 0.22990155, 0.2835881, 0.020638293, 0.07520485, 0
597, 1299411881, 0.8331328, 0.47927597, 0.15264003, 0.22996876, 0.28642458, 0.019238655, 0.10866642, 0
598, 1299428548, 0.8334367, 0.4787124, 0.15250938, 0.23012815, 0.2751831, 0.030392397, 0.1481533, 0
599, 1299445215, 0.8338981, 0.47787157, 0.15227899, 0.23035619, 0.22813286, 0.05740349, 0.11295891, 0
600, 1299461882, 0.83450055, 0.4767622, 0.15195405, 0.23068771, 0.17686133, 0.05987018, 0.096069336, 0
601, 1299478549, 0.83512187, 0.47558808, 0.15161502, 0.23108572, 0.13628456, 0.104379654, 0.13788414, 0
602, 1299495216, 0.83577925, 0.4743751, 0.1512756, 0.23142494, 0.14137451, 0.0336615, 0.12561607, 0
603, 1299511883, 0.8361588, 0.4736985, 0.151028, 0.23160101, 0.18347508, -0.05259662, 0.023777008, 0
604, 1299528550, 0.83646476, 0.47318974, 0.15073034, 0.23172937, 0.22716929, -0.056014135, 0.073064804, 0
605, 1299545217, 0.8367362, 0.47274286, 0.15046912, 0.23183195, 0.28960472, -0.045407552, 0.08251476, 0
606, 1299561884, 0.83683926, 0.47262317, 0.15029843, 0.23181443, 0.28612217, -0.06701186, 0.035726547, 0
607, 1299578551, 0.8368298, 0.47267258, 0.15021592, 0.23180139, 0.29910693, -0.07143027, 0.03085804, 0
608, 1299595218, 0.8367044, 0.47291726, 0.15022928, 0.23174657, 0.25194022, -0.025365591, 0.04529667, 0
609, 1299611885, 0.83662766, 0.47308478, 0.15020998, 0.2316943, 0.19282496, 0.044255566, 0.095443726, 0
610, 1299628552, 0.83657223, 0.47320467, 0.15021372, 0.23164675, 0.16155751, 0.022992779, 0.051412582, 0
611, 1299645219, 0.83626926, 0.47370115, 0.15034455, 0.23164114, 0.15872951, 0.021379462, 0.027755737, 0
612, 1299661886, 0.8360452, 0.47401085, 0.15058821, 0.23165804, 0.21236916, 0.050315894, 0.18319893, 0
613, 1299678553, 0.83613986, 0.4738264, 0.15057494, 0.23170248, 0.19634652, -0.026879668, 0.056707382, 0
614, 1299695220, 0.83616006, 0.4738416, 0.15058973, 0.2315891, 0.1984348, -0.035319965, -0.011818886, 0
